Product URL,Product Name,Product Price,Rating,Number of reviews
https://www.amazon.in/Number-Backpack-Compartment-Charging-Organizer/dp/B09VTCNN75/ref=sr_1_17?crid=2M096C61O4MLT&keywords=bags&qid=1688667658&sprefix=ba%2Caps%2C283&sr=8-17,,,,
https://www.amazon.in/Number-Backpack-Compartment-Charging-Organizer/dp/B09VTCNN75/ref=sr_1_17?crid=2M096C61O4MLT&keywords=bags&qid=1688667658&sprefix=ba%2Caps%2C283&sr=8-17,,,,
https://www.amazon.in/Number-Backpack-Compartment-Charging-Organizer/dp/B09VTCNN75/ref=sr_1_17?crid=2M096C61O4MLT&keywords=bags&qid=1688667658&sprefix=ba%2Caps%2C283&sr=8-17,,,,
https://www.amazon.in/GEAR-Black-Blue-Backpack-years/dp/B019HA8AYG/ref=sr_1_18?crid=2M096C61O4MLT&keywords=bags&qid=1688667658&sprefix=ba%2Caps%2C283&sr=8-18,,,,
https://www.amazon.in/GEAR-Black-Blue-Backpack-years/dp/B019HA8AYG/ref=sr_1_18?crid=2M096C61O4MLT&keywords=bags&qid=1688667658&sprefix=ba%2Caps%2C283&sr=8-18,,,,
https://www.amazon.in/Gear-Classic-Leather-Backpack-LBPCLSLTH0201/dp/B07G4F6XFH/ref=sr_1_19?crid=2M096C61O4MLT&keywords=bags&qid=1688667658&sprefix=ba%2Caps%2C283&sr=8-19,,,,
https://www.amazon.in/Gear-Classic-Leather-Backpack-LBPCLSLTH0201/dp/B07G4F6XFH/ref=sr_1_19?crid=2M096C61O4MLT&keywords=bags&qid=1688667658&sprefix=ba%2Caps%2C283&sr=8-19,,,,
https://www.amazon.in/Lenovo-15-6-Inches-Everyday-Backpack/dp/B08R7RPVJF/ref=sr_1_20?crid=2M096C61O4MLT&keywords=bags&qid=1688667658&sprefix=ba%2Caps%2C283&sr=8-20,,,,
https://www.amazon.in/Lenovo-15-6-Inches-Everyday-Backpack/dp/B08R7RPVJF/ref=sr_1_20?crid=2M096C61O4MLT&keywords=bags&qid=1688667658&sprefix=ba%2Caps%2C283&sr=8-20,,,,
https://www.amazon.in/NORTH-ZONE-Waterproof-Backpack-Dimensions/dp/B0BS6QQZYN/ref=sr_1_21?crid=2M096C61O4MLT&keywords=bags&qid=1688667658&sprefix=ba%2Caps%2C283&sr=8-21,,,,
https://www.amazon.in/NORTH-ZONE-Waterproof-Backpack-Dimensions/dp/B0BS6QQZYN/ref=sr_1_21?crid=2M096C61O4MLT&keywords=bags&qid=1688667658&sprefix=ba%2Caps%2C283&sr=8-21,,,,
https://www.amazon.in/TRUE-Emperor-Anti-Theft-backpack-charging/dp/B0BYB631NR/ref=sr_1_22?crid=2M096C61O4MLT&keywords=bags&qid=1688667658&sprefix=ba%2Caps%2C283&sr=8-22,,,,
https://www.amazon.in/TRUE-Emperor-Anti-Theft-backpack-charging/dp/B0BYB631NR/ref=sr_1_22?crid=2M096C61O4MLT&keywords=bags&qid=1688667658&sprefix=ba%2Caps%2C283&sr=8-22,,,,
https://www.amazon.in/Safari-Backpack-Resistant-Polyester-Travelling/dp/B09B29F66W/ref=sr_1_23?crid=2M096C61O4MLT&keywords=bags&qid=1688667658&sprefix=ba%2Caps%2C283&sr=8-23,,,,
https://www.amazon.in/Safari-Backpack-Resistant-Polyester-Travelling/dp/B09B29F66W/ref=sr_1_23?crid=2M096C61O4MLT&keywords=bags&qid=1688667658&sprefix=ba%2Caps%2C283&sr=8-23,,,,
https://www.amazon.in/Lavie-Sport-Duffle-Luggage-Trolley/dp/B097RJ22Q3/ref=sr_1_24?crid=2M096C61O4MLT&keywords=bags&qid=1688667658&sprefix=ba%2Caps%2C283&sr=8-24,Lavie Sport Lino Large Size 63 cms Wheel Duffle Bag for Travel | Travel Bag with Trolley,,4.0 out of 5 stars,"7,899 ratings"
https://www.amazon.in/Lavie-Sport-Duffle-Luggage-Trolley/dp/B097RJ22Q3/ref=sr_1_24?crid=2M096C61O4MLT&keywords=bags&qid=1688667658&sprefix=ba%2Caps%2C283&sr=8-24,,,,
https://www.amazon.in/School-school-partition-Collage-Backpack/dp/B09NNYCQ1Q/ref=sr_1_25?crid=2M096C61O4MLT&keywords=bags&qid=1688667658&sprefix=ba%2Caps%2C283&sr=8-25,,,,
https://www.amazon.in/School-school-partition-Collage-Backpack/dp/B09NNYCQ1Q/ref=sr_1_25?crid=2M096C61O4MLT&keywords=bags&qid=1688667658&sprefix=ba%2Caps%2C283&sr=8-25,,,,
https://www.amazon.in/Arctic-Fox-Liters-String-Backpack/dp/B08L6Q9V1H/ref=sr_1_26?crid=2M096C61O4MLT&keywords=bags&qid=1688667658&sprefix=ba%2Caps%2C283&sr=8-26,,,,
https://www.amazon.in/Arctic-Fox-Liters-String-Backpack/dp/B08L6Q9V1H/ref=sr_1_26?crid=2M096C61O4MLT&keywords=bags&qid=1688667658&sprefix=ba%2Caps%2C283&sr=8-26,,,,
https://www.amazon.in/ADISA-Laptop-Backpack-Office-College/dp/B0BPVLXD53/ref=sr_1_27?crid=2M096C61O4MLT&keywords=bags&qid=1688667658&sprefix=ba%2Caps%2C283&sr=8-27,,,,
https://www.amazon.in/ADISA-Laptop-Backpack-Office-College/dp/B0BPVLXD53/ref=sr_1_27?crid=2M096C61O4MLT&keywords=bags&qid=1688667658&sprefix=ba%2Caps%2C283&sr=8-27,,,,
https://www.amazon.in/WILDHORN-Backpack-Compartment-Business-Stitching/dp/B09QL66G55/ref=sr_1_28?crid=2M096C61O4MLT&keywords=bags&qid=1688667658&sprefix=ba%2Caps%2C283&sr=8-28,"WILDHORN 31L Laptop Backpack for Men/Women I Fits upto 15.6"" Laptop I Waterproof I Travel/Business/College Bookbags",,4.0 out of 5 stars,"1,392 ratings"
https://www.amazon.in/WILDHORN-Backpack-Compartment-Business-Stitching/dp/B09QL66G55/ref=sr_1_28?crid=2M096C61O4MLT&keywords=bags&qid=1688667658&sprefix=ba%2Caps%2C283&sr=8-28,,,,
https://www.amazon.in/American-Tourister-BACKPACK-COMPARTMENT-ORGANIZER/dp/B0BTD4FK9G/ref=sr_1_29?crid=2M096C61O4MLT&keywords=bags&qid=1688667658&sprefix=ba%2Caps%2C283&sr=8-29,,,,
https://www.amazon.in/American-Tourister-BACKPACK-COMPARTMENT-ORGANIZER/dp/B0BTD4FK9G/ref=sr_1_29?crid=2M096C61O4MLT&keywords=bags&qid=1688667658&sprefix=ba%2Caps%2C283&sr=8-29,,,,
https://www.amazon.in/Nivia-5183-Polyester-Duffle-Medium/dp/B071KNXQ7Y/ref=sr_1_30?crid=2M096C61O4MLT&keywords=bags&qid=1688667658&sprefix=ba%2Caps%2C283&sr=8-30,,,,
https://www.amazon.in/Nivia-5183-Polyester-Duffle-Medium/dp/B071KNXQ7Y/ref=sr_1_30?crid=2M096C61O4MLT&keywords=bags&qid=1688667658&sprefix=ba%2Caps%2C283&sr=8-30,NIVIA Beast Gym Bag-4 Polyester/Unisex Gym Bags/Shoulder Bag for Men & Women with Separate Shoes Compartment/Carry Gym Accessories/Fitness Bag/Sports & Travel Bag/Sports Kit,,4.2 out of 5 stars,"3,408 ratings"
https://www.amazon.in/ADISA-BP010-Weight-Casual-Backpack/dp/B07MXL986B/ref=sr_1_31?crid=2M096C61O4MLT&keywords=bags&qid=1688667658&sprefix=ba%2Caps%2C283&sr=8-31,ADISA 32 Ltrs Water Resistant Casual Travel Bagpack/College Backpack/School Office Bag for Men and Women,,4.0 out of 5 stars,"3,977 ratings"
https://www.amazon.in/ADISA-BP010-Weight-Casual-Backpack/dp/B07MXL986B/ref=sr_1_31?crid=2M096C61O4MLT&keywords=bags&qid=1688667658&sprefix=ba%2Caps%2C283&sr=8-31,,,,
https://www.amazon.in/POLESTAR-Vintage-Laptop-Backpack-bagpack/dp/B081GSQ9D9/ref=sr_1_32?crid=2M096C61O4MLT&keywords=bags&qid=1688667658&sprefix=ba%2Caps%2C283&sr=8-32,,,,
https://www.amazon.in/POLESTAR-Vintage-Laptop-Backpack-bagpack/dp/B081GSQ9D9/ref=sr_1_32?crid=2M096C61O4MLT&keywords=bags&qid=1688667658&sprefix=ba%2Caps%2C283&sr=8-32,,,,
https://www.amazon.in/POLESTAR-Vintage-Laptop-Backpack-bagpack/dp/B081GSQ9D9/ref=sr_1_33?crid=2M096C61O4MLT&keywords=bags&qid=1688667688&sprefix=ba%2Caps%2C283&sr=8-33,,,,
https://www.amazon.in/POLESTAR-Vintage-Laptop-Backpack-bagpack/dp/B081GSQ9D9/ref=sr_1_33?crid=2M096C61O4MLT&keywords=bags&qid=1688667688&sprefix=ba%2Caps%2C283&sr=8-33,,,,
https://www.amazon.in/POLESTAR-Vintage-Laptop-Backpack-bagpack/dp/B081GSQ9D9/ref=sr_1_33?crid=2M096C61O4MLT&keywords=bags&qid=1688667688&sprefix=ba%2Caps%2C283&sr=8-33,,,,
https://www.amazon.in/Martucci-Casual-Travelling-Laptop-Backpack/dp/B088B4P6ZW/ref=sr_1_34?crid=2M096C61O4MLT&keywords=bags&qid=1688667688&sprefix=ba%2Caps%2C283&sr=8-34,,,,
https://www.amazon.in/Martucci-Casual-Travelling-Laptop-Backpack/dp/B088B4P6ZW/ref=sr_1_34?crid=2M096C61O4MLT&keywords=bags&qid=1688667688&sprefix=ba%2Caps%2C283&sr=8-34,,,,
https://www.amazon.in/Wesley-Milestone-Waterproof-Backpack-Business/dp/B07K8KLB3P/ref=sr_1_35?crid=2M096C61O4MLT&keywords=bags&qid=1688667688&sprefix=ba%2Caps%2C283&sr=8-35,,,,
https://www.amazon.in/Wesley-Milestone-Waterproof-Backpack-Business/dp/B07K8KLB3P/ref=sr_1_35?crid=2M096C61O4MLT&keywords=bags&qid=1688667688&sprefix=ba%2Caps%2C283&sr=8-35,,,,
https://www.amazon.in/ADISA-BP005-Weight-Casual-Backpack/dp/B07F3X45WZ/ref=sr_1_36?crid=2M096C61O4MLT&keywords=bags&qid=1688667688&sprefix=ba%2Caps%2C283&sr=8-36,,,,
https://www.amazon.in/ADISA-BP005-Weight-Casual-Backpack/dp/B07F3X45WZ/ref=sr_1_36?crid=2M096C61O4MLT&keywords=bags&qid=1688667688&sprefix=ba%2Caps%2C283&sr=8-36,,,,
https://www.amazon.in/Wesley-Milestone-Waterproof-Backpack-Business/dp/B07PLKV6D1/ref=sr_1_37?crid=2M096C61O4MLT&keywords=bags&qid=1688667688&sprefix=ba%2Caps%2C283&sr=8-37,,,,
https://www.amazon.in/Wesley-Milestone-Waterproof-Backpack-Business/dp/B07PLKV6D1/ref=sr_1_37?crid=2M096C61O4MLT&keywords=bags&qid=1688667688&sprefix=ba%2Caps%2C283&sr=8-37,,,,
https://www.amazon.in/Safari-Laptop-Backpack-Resistant-Fabric/dp/B09B25Z8M2/ref=sr_1_38?crid=2M096C61O4MLT&keywords=bags&qid=1688667688&sprefix=ba%2Caps%2C283&sr=8-38,,,,
https://www.amazon.in/Safari-Laptop-Backpack-Resistant-Fabric/dp/B09B25Z8M2/ref=sr_1_38?crid=2M096C61O4MLT&keywords=bags&qid=1688667688&sprefix=ba%2Caps%2C283&sr=8-38,,,,
https://www.amazon.in/NORTH-ZONE-Lightweight-Backpacks-Stylish/dp/B0BL3SPN16/ref=sr_1_39?crid=2M096C61O4MLT&keywords=bags&qid=1688667688&sprefix=ba%2Caps%2C283&sr=8-39,,,,
https://www.amazon.in/NORTH-ZONE-Lightweight-Backpacks-Stylish/dp/B0BL3SPN16/ref=sr_1_39?crid=2M096C61O4MLT&keywords=bags&qid=1688667688&sprefix=ba%2Caps%2C283&sr=8-39,,,,
https://www.amazon.in/Gear-Polyester-Travel-Duffle-DUFCRSTNG0406/dp/B075MMWRW6/ref=sr_1_40?crid=2M096C61O4MLT&keywords=bags&qid=1688667688&sprefix=ba%2Caps%2C283&sr=8-40,,,,
https://www.amazon.in/Gear-Polyester-Travel-Duffle-DUFCRSTNG0406/dp/B075MMWRW6/ref=sr_1_40?crid=2M096C61O4MLT&keywords=bags&qid=1688667688&sprefix=ba%2Caps%2C283&sr=8-40,Gear Cross Training 22L Water Resistant Travel Duffle Bag/Gym Bag for Men/Women - Grey Orange,,4.2 out of 5 stars,"16,519 ratings"
https://www.amazon.in/Backpack-Small-Black-Water-Repellant/dp/B088XB5XY8/ref=sr_1_41?crid=2M096C61O4MLT&keywords=bags&qid=1688667688&sprefix=ba%2Caps%2C283&sr=8-41,,,,
https://www.amazon.in/Backpack-Small-Black-Water-Repellant/dp/B088XB5XY8/ref=sr_1_41?crid=2M096C61O4MLT&keywords=bags&qid=1688667688&sprefix=ba%2Caps%2C283&sr=8-41,,,,
https://www.amazon.in/Safari-Laptop-Backpack-Resistant-Fabric/dp/B09B28TKLG/ref=sr_1_42?crid=2M096C61O4MLT&keywords=bags&qid=1688667688&sprefix=ba%2Caps%2C283&sr=8-42,,,,
https://www.amazon.in/Safari-Laptop-Backpack-Resistant-Fabric/dp/B09B28TKLG/ref=sr_1_42?crid=2M096C61O4MLT&keywords=bags&qid=1688667688&sprefix=ba%2Caps%2C283&sr=8-42,,,,
https://www.amazon.in/Genie-Glitter-Backpack-Women-compartments/dp/B097JHQH13/ref=sr_1_43?crid=2M096C61O4MLT&keywords=bags&qid=1688667688&sprefix=ba%2Caps%2C283&sr=8-43,"Genie Glitter Backpack for Women - 3 compartments, Laptop Bags for Girls, Stylish and Trendy College Backpacks for Girls, Water Resistant and Lightweight Bags for Office and Travelling Purpose.",,4.3 out of 5 stars,851 ratings
https://www.amazon.in/Genie-Glitter-Backpack-Women-compartments/dp/B097JHQH13/ref=sr_1_43?crid=2M096C61O4MLT&keywords=bags&qid=1688667688&sprefix=ba%2Caps%2C283&sr=8-43,,,,
https://www.amazon.in/Gear-Training-Travel-Black-Grey-DUFCRSTNG0104/dp/B098FFTDKT/ref=sr_1_44?crid=2M096C61O4MLT&keywords=bags&qid=1688667688&sprefix=ba%2Caps%2C283&sr=8-44,,,,
https://www.amazon.in/Gear-Training-Travel-Black-Grey-DUFCRSTNG0104/dp/B098FFTDKT/ref=sr_1_44?crid=2M096C61O4MLT&keywords=bags&qid=1688667688&sprefix=ba%2Caps%2C283&sr=8-44,,,,
https://www.amazon.in/TRUE-EMPEROR-charging-college-CAPTAIN/dp/B0C6HZDWRQ/ref=sr_1_45?crid=2M096C61O4MLT&keywords=bags&qid=1688667688&sprefix=ba%2Caps%2C283&sr=8-45,"TRUE HUMANÂ® EMPEROR 15.6 inch laptop bag with USB charging port Laptop bag,office bag, college bags anti theft (CAPTAIN)",,5.0 out of 5 stars,3 ratings
https://www.amazon.in/TRUE-EMPEROR-charging-college-CAPTAIN/dp/B0C6HZDWRQ/ref=sr_1_45?crid=2M096C61O4MLT&keywords=bags&qid=1688667688&sprefix=ba%2Caps%2C283&sr=8-45,,,,
https://www.amazon.in/Half-Moon-Backpack-Luggage-Compartment/dp/B09VCLZ3K4/ref=sr_1_46?crid=2M096C61O4MLT&keywords=bags&qid=1688667688&sprefix=ba%2Caps%2C283&sr=8-46,,,,
https://www.amazon.in/Half-Moon-Backpack-Luggage-Compartment/dp/B09VCLZ3K4/ref=sr_1_46?crid=2M096C61O4MLT&keywords=bags&qid=1688667688&sprefix=ba%2Caps%2C283&sr=8-46,,,,
https://www.amazon.in/Storite-Travel-Bag-Women-Weekender/dp/B0B3JH6K9B/ref=sr_1_47?crid=2M096C61O4MLT&keywords=bags&qid=1688667688&sprefix=ba%2Caps%2C283&sr=8-47,,,,
https://www.amazon.in/Storite-Travel-Bag-Women-Weekender/dp/B0B3JH6K9B/ref=sr_1_47?crid=2M096C61O4MLT&keywords=bags&qid=1688667688&sprefix=ba%2Caps%2C283&sr=8-47,,,,
https://www.amazon.in/Lenovo-Laptop-Backpack-15-6-Inch-GX40Q17225/dp/B075Y72PHZ/ref=sr_1_48?crid=2M096C61O4MLT&keywords=bags&qid=1688667688&sprefix=ba%2Caps%2C283&sr=8-48,,,,
https://www.amazon.in/Lenovo-Laptop-Backpack-15-6-Inch-GX40Q17225/dp/B075Y72PHZ/ref=sr_1_48?crid=2M096C61O4MLT&keywords=bags&qid=1688667688&sprefix=ba%2Caps%2C283&sr=8-48,,,,
https://www.amazon.in/Sfane-Women-Trendy-Black-Duffel/dp/B07GCR84D9/ref=sr_1_129?crid=2M096C61O4MLT&keywords=bags&qid=1688667717&sprefix=ba%2Caps%2C283&sr=8-129,,,,
https://www.amazon.in/Sfane-Women-Trendy-Black-Duffel/dp/B07GCR84D9/ref=sr_1_129?crid=2M096C61O4MLT&keywords=bags&qid=1688667717&sprefix=ba%2Caps%2C283&sr=8-129,"Sfane Polyester 9.05 Black Men & Women Trendy Black Sports Duffle Gym Bag, Shoulder Bag",,4.2 out of 5 stars,"1,213 ratings"
https://www.amazon.in/Sfane-Women-Trendy-Black-Duffel/dp/B07GCR84D9/ref=sr_1_129?crid=2M096C61O4MLT&keywords=bags&qid=1688667717&sprefix=ba%2Caps%2C283&sr=8-129,,,,
https://www.amazon.in/Half-Moon-Resistant-Backpack-Compartment/dp/B0BHX7GY16/ref=sr_1_130?crid=2M096C61O4MLT&keywords=bags&qid=1688667717&sprefix=ba%2Caps%2C283&sr=8-130,,,,
https://www.amazon.in/Half-Moon-Resistant-Backpack-Compartment/dp/B0BHX7GY16/ref=sr_1_130?crid=2M096C61O4MLT&keywords=bags&qid=1688667717&sprefix=ba%2Caps%2C283&sr=8-130,,,,
https://www.amazon.in/FUR-JADEN-Backpack-Accessories-Organiser/dp/B0BSHBC51P/ref=sr_1_131?crid=2M096C61O4MLT&keywords=bags&qid=1688667717&sprefix=ba%2Caps%2C283&sr=8-131,,,,
https://www.amazon.in/FUR-JADEN-Backpack-Accessories-Organiser/dp/B0BSHBC51P/ref=sr_1_131?crid=2M096C61O4MLT&keywords=bags&qid=1688667717&sprefix=ba%2Caps%2C283&sr=8-131,,,,
https://www.amazon.in/Half-Moon-Resistant-Backpack-Compartment/dp/B09GG53CSL/ref=sr_1_132?crid=2M096C61O4MLT&keywords=bags&qid=1688667717&sprefix=ba%2Caps%2C283&sr=8-132,,,,
https://www.amazon.in/Half-Moon-Resistant-Backpack-Compartment/dp/B09GG53CSL/ref=sr_1_132?crid=2M096C61O4MLT&keywords=bags&qid=1688667717&sprefix=ba%2Caps%2C283&sr=8-132,,,,
https://www.amazon.in/Gear-Executive-Anti-Theft-Backpack-BKPPKREXE0101/dp/B097KCMQKG/ref=sr_1_133?crid=2M096C61O4MLT&keywords=bags&qid=1688667717&sprefix=ba%2Caps%2C283&sr=8-133,,,,
https://www.amazon.in/Gear-Executive-Anti-Theft-Backpack-BKPPKREXE0101/dp/B097KCMQKG/ref=sr_1_133?crid=2M096C61O4MLT&keywords=bags&qid=1688667717&sprefix=ba%2Caps%2C283&sr=8-133,,,,
https://www.amazon.in/DIVULGE-Drawstring-Bag-Sports-Utility/dp/B07PXTDBH4/ref=sr_1_134?crid=2M096C61O4MLT&keywords=bags&qid=1688667717&sprefix=ba%2Caps%2C283&sr=8-134,,,,
https://www.amazon.in/DIVULGE-Drawstring-Bag-Sports-Utility/dp/B07PXTDBH4/ref=sr_1_134?crid=2M096C61O4MLT&keywords=bags&qid=1688667717&sprefix=ba%2Caps%2C283&sr=8-134,,,,
https://www.amazon.in/Storite-Cross-Travel-Dark-Grey/dp/B07PFF4RYC/ref=sr_1_135?crid=2M096C61O4MLT&keywords=bags&qid=1688667717&sprefix=ba%2Caps%2C283&sr=8-135,,,,
https://www.amazon.in/Storite-Cross-Travel-Dark-Grey/dp/B07PFF4RYC/ref=sr_1_135?crid=2M096C61O4MLT&keywords=bags&qid=1688667717&sprefix=ba%2Caps%2C283&sr=8-135,Storite Stylish Padded Small Nylon Sling Cross Body Travel Office Business Messenger One Side Shoulder Bag for Men Women (25x16x7.5cm) (Dark Grey),,4.1 out of 5 stars,"8,498 ratings"
https://www.amazon.in/AmazonBasics-Casual-Backpack-Office-15-6-inch/dp/B09W4VMZ79/ref=sr_1_136?crid=2M096C61O4MLT&keywords=bags&qid=1688667717&sprefix=ba%2Caps%2C283&sr=8-136,,,,
https://www.amazon.in/AmazonBasics-Casual-Backpack-Office-15-6-inch/dp/B09W4VMZ79/ref=sr_1_136?crid=2M096C61O4MLT&keywords=bags&qid=1688667717&sprefix=ba%2Caps%2C283&sr=8-136,AmazonBasics - Casual Backpack/Office Bag/ for a 15.6-inch Laptop,,4.2 out of 5 stars,603 ratings
https://www.amazon.in/GEAR-Black-Toiletry-Bag-ACCTLTPCH0112/dp/B019HA8JJW/ref=sr_1_137?crid=2M096C61O4MLT&keywords=bags&qid=1688667717&sprefix=ba%2Caps%2C283&sr=8-137,,,,
https://www.amazon.in/GEAR-Black-Toiletry-Bag-ACCTLTPCH0112/dp/B019HA8JJW/ref=sr_1_137?crid=2M096C61O4MLT&keywords=bags&qid=1688667717&sprefix=ba%2Caps%2C283&sr=8-137,,,,
https://www.amazon.in/Genie-Clara-Backpack-Women-compartments/dp/B097JJGR1N/ref=sr_1_138?crid=2M096C61O4MLT&keywords=bags&qid=1688667717&sprefix=ba%2Caps%2C283&sr=8-138,,,,
https://www.amazon.in/Genie-Clara-Backpack-Women-compartments/dp/B097JJGR1N/ref=sr_1_138?crid=2M096C61O4MLT&keywords=bags&qid=1688667717&sprefix=ba%2Caps%2C283&sr=8-138,,,,
https://www.amazon.in/Bennett-15-6-inch-College-Repellent-Backpack/dp/B09WZKHSDR/ref=sr_1_139?crid=2M096C61O4MLT&keywords=bags&qid=1688667717&sprefix=ba%2Caps%2C283&sr=8-139,,,,
https://www.amazon.in/Bennett-15-6-inch-College-Repellent-Backpack/dp/B09WZKHSDR/ref=sr_1_139?crid=2M096C61O4MLT&keywords=bags&qid=1688667717&sprefix=ba%2Caps%2C283&sr=8-139,,,,
https://www.amazon.in/Gear-Colorado-Orange-Laptop-Backpack/dp/B097K6KD7W/ref=sr_1_140?crid=2M096C61O4MLT&keywords=bags&qid=1688667717&sprefix=ba%2Caps%2C283&sr=8-140,,,,
https://www.amazon.in/Gear-Colorado-Orange-Laptop-Backpack/dp/B097K6KD7W/ref=sr_1_140?crid=2M096C61O4MLT&keywords=bags&qid=1688667717&sprefix=ba%2Caps%2C283&sr=8-140,,,,
https://www.amazon.in/Martucci-Laptop-Backpack-College-Reflective/dp/B0B7DT6HY3/ref=sr_1_141?crid=2M096C61O4MLT&keywords=bags&qid=1688667717&sprefix=ba%2Caps%2C283&sr=8-141,,,,
https://www.amazon.in/Martucci-Laptop-Backpack-College-Reflective/dp/B0B7DT6HY3/ref=sr_1_141?crid=2M096C61O4MLT&keywords=bags&qid=1688667717&sprefix=ba%2Caps%2C283&sr=8-141,Martucci Large 35 L Backpack Spacy Unisex/College/School/Travel Backpack with Rain Cover and Reflective Strip,,4.0 out of 5 stars,"1,196 ratings"
https://www.amazon.in/Skybags-Unisex-Blith-Jacquard-Backpacks/dp/B0B21Z3DBD/ref=sr_1_142?crid=2M096C61O4MLT&keywords=bags&qid=1688667717&sprefix=ba%2Caps%2C283&sr=8-142,,,,
https://www.amazon.in/Skybags-Unisex-Blith-Jacquard-Backpacks/dp/B0B21Z3DBD/ref=sr_1_142?crid=2M096C61O4MLT&keywords=bags&qid=1688667717&sprefix=ba%2Caps%2C283&sr=8-142,,,,
https://www.amazon.in/Gear-Black-Casual-Backpack-BKPCMPUS10110/dp/B00Z9427SK/ref=sr_1_143?crid=2M096C61O4MLT&keywords=bags&qid=1688667717&sprefix=ba%2Caps%2C283&sr=8-143,,,,
https://www.amazon.in/Gear-Black-Casual-Backpack-BKPCMPUS10110/dp/B00Z9427SK/ref=sr_1_143?crid=2M096C61O4MLT&keywords=bags&qid=1688667717&sprefix=ba%2Caps%2C283&sr=8-143,,,,
https://www.amazon.in/Derben-Fabric-Leather-Laptop-Messenger/dp/B08TVL3MWJ/ref=sr_1_144?crid=2M096C61O4MLT&keywords=bags&qid=1688667717&sprefix=ba%2Caps%2C283&sr=8-144,,,,
https://www.amazon.in/Derben-Fabric-Leather-Laptop-Messenger/dp/B08TVL3MWJ/ref=sr_1_144?crid=2M096C61O4MLT&keywords=bags&qid=1688667717&sprefix=ba%2Caps%2C283&sr=8-144,,,,
https://www.amazon.in/Aspire-Laptop-Backpack-Resistant-Macbook/dp/B0BYSXLVNN/ref=sr_1_177?crid=2M096C61O4MLT&keywords=bags&qid=1688667769&sprefix=ba%2Caps%2C283&sr=8-177,,,,
https://www.amazon.in/Aspire-Laptop-Backpack-Resistant-Macbook/dp/B0BYSXLVNN/ref=sr_1_177?crid=2M096C61O4MLT&keywords=bags&qid=1688667769&sprefix=ba%2Caps%2C283&sr=8-177,,,,
https://www.amazon.in/Aspire-Laptop-Backpack-Resistant-Macbook/dp/B0BYSXLVNN/ref=sr_1_177?crid=2M096C61O4MLT&keywords=bags&qid=1688667769&sprefix=ba%2Caps%2C283&sr=8-177,,,,
https://www.amazon.in/GEAR-Black-Toiletry-Bag-ACCTLTPCH0112/dp/B019HA8JJW/ref=sr_1_178?crid=2M096C61O4MLT&keywords=bags&qid=1688667769&sprefix=ba%2Caps%2C283&sr=8-178,,,,
https://www.amazon.in/GEAR-Black-Toiletry-Bag-ACCTLTPCH0112/dp/B019HA8JJW/ref=sr_1_178?crid=2M096C61O4MLT&keywords=bags&qid=1688667769&sprefix=ba%2Caps%2C283&sr=8-178,Gear Solid 22 Cms Cosmetic Pouch (Black),,4.5 out of 5 stars,"4,228 ratings"
https://www.amazon.in/Half-Moon-Laptop-Backpack-Polyester/dp/B09CMS3K2S/ref=sr_1_179?crid=2M096C61O4MLT&keywords=bags&qid=1688667769&sprefix=ba%2Caps%2C283&sr=8-179,,,,
https://www.amazon.in/Half-Moon-Laptop-Backpack-Polyester/dp/B09CMS3K2S/ref=sr_1_179?crid=2M096C61O4MLT&keywords=bags&qid=1688667769&sprefix=ba%2Caps%2C283&sr=8-179,,,,
https://www.amazon.in/GoTrippin-Camping-Outdoors-Polyester-Adjustable/dp/B088LHS5LP/ref=sr_1_180?crid=2M096C61O4MLT&keywords=bags&qid=1688667769&sprefix=ba%2Caps%2C283&sr=8-180,,,,
https://www.amazon.in/GoTrippin-Camping-Outdoors-Polyester-Adjustable/dp/B088LHS5LP/ref=sr_1_180?crid=2M096C61O4MLT&keywords=bags&qid=1688667769&sprefix=ba%2Caps%2C283&sr=8-180,,,,
https://www.amazon.in/ADISA-Womens-Girls-Party-Crossbody/dp/B0B2WBJ2H8/ref=sr_1_181?crid=2M096C61O4MLT&keywords=bags&qid=1688667769&sprefix=ba%2Caps%2C283&sr=8-181,,,,
https://www.amazon.in/ADISA-Womens-Girls-Party-Crossbody/dp/B0B2WBJ2H8/ref=sr_1_181?crid=2M096C61O4MLT&keywords=bags&qid=1688667769&sprefix=ba%2Caps%2C283&sr=8-181,,,,
https://www.amazon.in/Hammonds-Flycatcher-Leather-Messenger-LB138MH/dp/B0851GV3F7/ref=sr_1_182?crid=2M096C61O4MLT&keywords=bags&qid=1688667769&sprefix=ba%2Caps%2C283&sr=8-182,,,,
https://www.amazon.in/Hammonds-Flycatcher-Leather-Messenger-LB138MH/dp/B0851GV3F7/ref=sr_1_182?crid=2M096C61O4MLT&keywords=bags&qid=1688667769&sprefix=ba%2Caps%2C283&sr=8-182,,,,
https://www.amazon.in/Aristocrat-Zeal-Unisex-Grey-Laptop/dp/B0B5YHC1W5/ref=sr_1_183?crid=2M096C61O4MLT&keywords=bags&qid=1688667769&sprefix=ba%2Caps%2C283&sr=8-183,,,,
https://www.amazon.in/Aristocrat-Zeal-Unisex-Grey-Laptop/dp/B0B5YHC1W5/ref=sr_1_183?crid=2M096C61O4MLT&keywords=bags&qid=1688667769&sprefix=ba%2Caps%2C283&sr=8-183,,,,
https://www.amazon.in/Impulse-Impbee-Backpack-Business-Resistant/dp/B0C1CSS81H/ref=sr_1_184?crid=2M096C61O4MLT&keywords=bags&qid=1688667769&sprefix=ba%2Caps%2C283&sr=8-184,,,,
https://www.amazon.in/Impulse-Impbee-Backpack-Business-Resistant/dp/B0C1CSS81H/ref=sr_1_184?crid=2M096C61O4MLT&keywords=bags&qid=1688667769&sprefix=ba%2Caps%2C283&sr=8-184,,,,
https://www.amazon.in/Skybags-Network-Unisex-Blue-Laptop/dp/B0B4DTMVXY/ref=sr_1_185?crid=2M096C61O4MLT&keywords=bags&qid=1688667769&sprefix=ba%2Caps%2C283&sr=8-185,,,,
https://www.amazon.in/Skybags-Network-Unisex-Blue-Laptop/dp/B0B4DTMVXY/ref=sr_1_185?crid=2M096C61O4MLT&keywords=bags&qid=1688667769&sprefix=ba%2Caps%2C283&sr=8-185,,,,
https://www.amazon.in/Tabelito-Laptop-Backpack-15-6-inch-Repellent/dp/B08Y3L4PHK/ref=sr_1_186?crid=2M096C61O4MLT&keywords=bags&qid=1688667769&sprefix=ba%2Caps%2C283&sr=8-186,"TABELITO Casual Laptop Backpack 15.6-inch, 25 LTR Water Repellent",,4.2 out of 5 stars,406 ratings
https://www.amazon.in/Tabelito-Laptop-Backpack-15-6-inch-Repellent/dp/B08Y3L4PHK/ref=sr_1_186?crid=2M096C61O4MLT&keywords=bags&qid=1688667769&sprefix=ba%2Caps%2C283&sr=8-186,,,,
https://www.amazon.in/F-Gear-Circadian-Guc-Black-Casual-Backpack/dp/B084THQXCD/ref=sr_1_187?crid=2M096C61O4MLT&keywords=bags&qid=1688667769&sprefix=ba%2Caps%2C283&sr=8-187,,,,
https://www.amazon.in/F-Gear-Circadian-Guc-Black-Casual-Backpack/dp/B084THQXCD/ref=sr_1_187?crid=2M096C61O4MLT&keywords=bags&qid=1688667769&sprefix=ba%2Caps%2C283&sr=8-187,,,,
https://www.amazon.in/Genie-compartments-Resistant-Lightweight-Travelling/dp/B097JJ64SH/ref=sr_1_188?crid=2M096C61O4MLT&keywords=bags&qid=1688667769&sprefix=ba%2Caps%2C283&sr=8-188,"Genie Fringe Laptop Backpack for Women, 3 compartments, Stylish and Trendy College Bags for Girls, Water Resistant and Lightweight Bags for Office and Travelling Purpose. 36 litres",,5.0 out of 5 stars,5 ratings
https://www.amazon.in/Genie-compartments-Resistant-Lightweight-Travelling/dp/B097JJ64SH/ref=sr_1_188?crid=2M096C61O4MLT&keywords=bags&qid=1688667769&sprefix=ba%2Caps%2C283&sr=8-188,,,,
https://www.amazon.in/Backpack-Business-Backpacks-Charging-Resistant/dp/B094DGXXR5/ref=sr_1_189?crid=2M096C61O4MLT&keywords=bags&qid=1688667769&sprefix=ba%2Caps%2C283&sr=8-189,,,,
https://www.amazon.in/Backpack-Business-Backpacks-Charging-Resistant/dp/B094DGXXR5/ref=sr_1_189?crid=2M096C61O4MLT&keywords=bags&qid=1688667769&sprefix=ba%2Caps%2C283&sr=8-189,,,,
https://www.amazon.in/HAMMONDS-FLYCATCHER-Genuine-Shoulder-Messenger/dp/B07P2TQH78/ref=sr_1_190?crid=2M096C61O4MLT&keywords=bags&qid=1688667769&sprefix=ba%2Caps%2C283&sr=8-190,,,,
https://www.amazon.in/HAMMONDS-FLYCATCHER-Genuine-Shoulder-Messenger/dp/B07P2TQH78/ref=sr_1_190?crid=2M096C61O4MLT&keywords=bags&qid=1688667769&sprefix=ba%2Caps%2C283&sr=8-190,,,,
https://www.amazon.in/DZert-School-Plush-Backpacks-Cartoon/dp/B07WR935F3/ref=sr_1_191?crid=2M096C61O4MLT&keywords=bags&qid=1688667769&sprefix=ba%2Caps%2C283&sr=8-191,,,,
https://www.amazon.in/DZert-School-Plush-Backpacks-Cartoon/dp/B07WR935F3/ref=sr_1_191?crid=2M096C61O4MLT&keywords=bags&qid=1688667769&sprefix=ba%2Caps%2C283&sr=8-191,,,,
https://www.amazon.in/Genie-Clara-Backpack-Women-compartments/dp/B097JJGR1N/ref=sr_1_192?crid=2M096C61O4MLT&keywords=bags&qid=1688667769&sprefix=ba%2Caps%2C283&sr=8-192,,,,
https://www.amazon.in/Genie-Clara-Backpack-Women-compartments/dp/B097JJGR1N/ref=sr_1_192?crid=2M096C61O4MLT&keywords=bags&qid=1688667769&sprefix=ba%2Caps%2C283&sr=8-192,,,,
https://www.amazon.in/DZert-Kids-Grey-School-Years/dp/B07QD1M3R9/ref=sr_1_225?crid=2M096C61O4MLT&keywords=bags&qid=1688667801&sprefix=ba%2Caps%2C283&sr=8-225,,,,
https://www.amazon.in/DZert-Kids-Grey-School-Years/dp/B07QD1M3R9/ref=sr_1_225?crid=2M096C61O4MLT&keywords=bags&qid=1688667801&sprefix=ba%2Caps%2C283&sr=8-225,DZert Kids School Bag Soft Plush Backpacks Cartoon Boys Girls Baby (2-5 Years),,3.7 out of 5 stars,"3,143 ratings"
https://www.amazon.in/DZert-Kids-Grey-School-Years/dp/B07QD1M3R9/ref=sr_1_225?crid=2M096C61O4MLT&keywords=bags&qid=1688667801&sprefix=ba%2Caps%2C283&sr=8-225,,,,
https://www.amazon.in/FUR-JADEN-Backpack-Accessories-Organiser/dp/B0BSHBC51P/ref=sr_1_226?crid=2M096C61O4MLT&keywords=bags&qid=1688667801&sprefix=ba%2Caps%2C283&sr=8-226,"FUR JADEN 15.6 Inch Smart Laptop Backpack Bag With USB Charging Port, Anti Theft Pocket and Accessories Organiser for Men Women Boys Girls",,4.2 out of 5 stars,502 ratings
https://www.amazon.in/FUR-JADEN-Backpack-Accessories-Organiser/dp/B0BSHBC51P/ref=sr_1_226?crid=2M096C61O4MLT&keywords=bags&qid=1688667801&sprefix=ba%2Caps%2C283&sr=8-226,,,,
https://www.amazon.in/Skybags-Unisex-Adjustable-Polyester-Backpack/dp/B0BJ74KLLY/ref=sr_1_227?crid=2M096C61O4MLT&keywords=bags&qid=1688667801&sprefix=ba%2Caps%2C283&sr=8-227,,,,
https://www.amazon.in/Skybags-Unisex-Adjustable-Polyester-Backpack/dp/B0BJ74KLLY/ref=sr_1_227?crid=2M096C61O4MLT&keywords=bags&qid=1688667801&sprefix=ba%2Caps%2C283&sr=8-227,,,,
https://www.amazon.in/Storite-Grocery-Shopping-Reinforced-40x20x33-cm/dp/B079T66RBW/ref=sr_1_228?crid=2M096C61O4MLT&keywords=bags&qid=1688667801&sprefix=ba%2Caps%2C283&sr=8-228,,,,
https://www.amazon.in/Storite-Grocery-Shopping-Reinforced-40x20x33-cm/dp/B079T66RBW/ref=sr_1_228?crid=2M096C61O4MLT&keywords=bags&qid=1688667801&sprefix=ba%2Caps%2C283&sr=8-228,,,,
https://www.amazon.in/HP-Lightweight-100-Gray-Backpack/dp/B08CY1V6P7/ref=sr_1_229?crid=2M096C61O4MLT&keywords=bags&qid=1688667801&sprefix=ba%2Caps%2C283&sr=8-229,,,,
https://www.amazon.in/HP-Lightweight-100-Gray-Backpack/dp/B08CY1V6P7/ref=sr_1_229?crid=2M096C61O4MLT&keywords=bags&qid=1688667801&sprefix=ba%2Caps%2C283&sr=8-229,,,,
https://www.amazon.in/Wooum-Resisitance-Shoulder-Business-Messenger/dp/B0993Q72WD/ref=sr_1_230?crid=2M096C61O4MLT&keywords=bags&qid=1688667801&sprefix=ba%2Caps%2C283&sr=8-230,Wooum Sling Cross Body Bag/One Side Bag/Shoulder Bag/Office Business Messenger Bag/Money Bag for Men and Women - Water Resisitance,,4.0 out of 5 stars,696 ratings
https://www.amazon.in/Wooum-Resisitance-Shoulder-Business-Messenger/dp/B0993Q72WD/ref=sr_1_230?crid=2M096C61O4MLT&keywords=bags&qid=1688667801&sprefix=ba%2Caps%2C283&sr=8-230,,,,
https://www.amazon.in/Lavie-Spring-Summer-Womens-Tote/dp/B0814PV49H/ref=sr_1_231?crid=2M096C61O4MLT&keywords=bags&qid=1688667801&sprefix=ba%2Caps%2C283&sr=8-231,,,,
https://www.amazon.in/Lavie-Spring-Summer-Womens-Tote/dp/B0814PV49H/ref=sr_1_231?crid=2M096C61O4MLT&keywords=bags&qid=1688667801&sprefix=ba%2Caps%2C283&sr=8-231,,,,
https://www.amazon.in/DZert-Polyester-Black-White-Laptop/dp/B07H193V57/ref=sr_1_232?crid=2M096C61O4MLT&keywords=bags&qid=1688667801&sprefix=ba%2Caps%2C283&sr=8-232,,,,
https://www.amazon.in/DZert-Polyester-Black-White-Laptop/dp/B07H193V57/ref=sr_1_232?crid=2M096C61O4MLT&keywords=bags&qid=1688667801&sprefix=ba%2Caps%2C283&sr=8-232,DZert Clasy Laptop Bag College Bag for Boys Girls 21 L Black,,3.8 out of 5 stars,"2,461 ratings"
https://www.amazon.in/ASTRID-Womens-Round-Sling-Pompoms/dp/B08VS8JBNK/ref=sr_1_233?crid=2M096C61O4MLT&keywords=bags&qid=1688667801&sprefix=ba%2Caps%2C283&sr=8-233,,,,
https://www.amazon.in/ASTRID-Womens-Round-Sling-Pompoms/dp/B08VS8JBNK/ref=sr_1_233?crid=2M096C61O4MLT&keywords=bags&qid=1688667801&sprefix=ba%2Caps%2C283&sr=8-233,,,,
https://www.amazon.in/LAXELLA-Waterproof-Backpack-College-Business/dp/B0BT9YT9Y4/ref=sr_1_234?crid=2M096C61O4MLT&keywords=bags&qid=1688667801&sprefix=ba%2Caps%2C283&sr=8-234,,,,
https://www.amazon.in/LAXELLA-Waterproof-Backpack-College-Business/dp/B0BT9YT9Y4/ref=sr_1_234?crid=2M096C61O4MLT&keywords=bags&qid=1688667801&sprefix=ba%2Caps%2C283&sr=8-234,,,,
https://www.amazon.in/ADISA-Backpack-Office-College-Travel/dp/B09Y8FMDVB/ref=sr_1_235?crid=2M096C61O4MLT&keywords=bags&qid=1688667801&sprefix=ba%2Caps%2C283&sr=8-235,,,,
https://www.amazon.in/ADISA-Backpack-Office-College-Travel/dp/B09Y8FMDVB/ref=sr_1_235?crid=2M096C61O4MLT&keywords=bags&qid=1688667801&sprefix=ba%2Caps%2C283&sr=8-235,,,,
https://www.amazon.in/American-Tourister-Polyester-Compartment-Backpack/dp/B0BWFFFT5H/ref=sr_1_236?crid=2M096C61O4MLT&keywords=bags&qid=1688667801&sprefix=ba%2Caps%2C283&sr=8-236,,,,
https://www.amazon.in/American-Tourister-Polyester-Compartment-Backpack/dp/B0BWFFFT5H/ref=sr_1_236?crid=2M096C61O4MLT&keywords=bags&qid=1688667801&sprefix=ba%2Caps%2C283&sr=8-236,,,,
https://www.amazon.in/Asus-BP1504-15-6-inch-Laptop-Backpack/dp/B0895ZZHKK/ref=sr_1_237?crid=2M096C61O4MLT&keywords=bags&qid=1688667801&sprefix=ba%2Caps%2C283&sr=8-237,,,,
https://www.amazon.in/Asus-BP1504-15-6-inch-Laptop-Backpack/dp/B0895ZZHKK/ref=sr_1_237?crid=2M096C61O4MLT&keywords=bags&qid=1688667801&sprefix=ba%2Caps%2C283&sr=8-237,,,,
https://www.amazon.in/Aristocrat-Cadet-Polyester-Luggage-Duffle/dp/B09X74T7BP/ref=sr_1_238?crid=2M096C61O4MLT&keywords=bags&qid=1688667801&sprefix=ba%2Caps%2C283&sr=8-238,Aristocrat Polyester 28 Cms Travel Bag(DFCAD53ENBL_Navy Blue),,3.9 out of 5 stars,174 ratings
https://www.amazon.in/Aristocrat-Cadet-Polyester-Luggage-Duffle/dp/B09X74T7BP/ref=sr_1_238?crid=2M096C61O4MLT&keywords=bags&qid=1688667801&sprefix=ba%2Caps%2C283&sr=8-238,,,,
https://www.amazon.in/Half-Moon-Resistant-Laptop-Backpack/dp/B09842K4RQ/ref=sr_1_239?crid=2M096C61O4MLT&keywords=bags&qid=1688667801&sprefix=ba%2Caps%2C283&sr=8-239,,,,
https://www.amazon.in/Half-Moon-Resistant-Laptop-Backpack/dp/B09842K4RQ/ref=sr_1_239?crid=2M096C61O4MLT&keywords=bags&qid=1688667801&sprefix=ba%2Caps%2C283&sr=8-239,,,,
https://www.amazon.in/AirCase-C25-Messenger-Shoulder-Compartments/dp/B07X6DV3VM/ref=sr_1_240?crid=2M096C61O4MLT&keywords=bags&qid=1688667801&sprefix=ba%2Caps%2C283&sr=8-240,,,,
https://www.amazon.in/AirCase-C25-Messenger-Shoulder-Compartments/dp/B07X6DV3VM/ref=sr_1_240?crid=2M096C61O4MLT&keywords=bags&qid=1688667801&sprefix=ba%2Caps%2C283&sr=8-240,,,,
https://www.amazon.in/Red-Lemon-Ironlook-Briefcase-Anti-Theft/dp/B09ZYQJHXR/ref=sr_1_289?crid=2M096C61O4MLT&keywords=bags&qid=1688667835&sprefix=ba%2Caps%2C283&sr=8-289,,,,
https://www.amazon.in/Red-Lemon-Ironlook-Briefcase-Anti-Theft/dp/B09ZYQJHXR/ref=sr_1_289?crid=2M096C61O4MLT&keywords=bags&qid=1688667835&sprefix=ba%2Caps%2C283&sr=8-289,,,,
https://www.amazon.in/Red-Lemon-Ironlook-Briefcase-Anti-Theft/dp/B09ZYQJHXR/ref=sr_1_289?crid=2M096C61O4MLT&keywords=bags&qid=1688667835&sprefix=ba%2Caps%2C283&sr=8-289,,,,
https://www.amazon.in/SCUFFLE-Thunder-Backpack-upto17-3inch-Raincover/dp/B0BXLV3GNP/ref=sr_1_290?crid=2M096C61O4MLT&keywords=bags&qid=1688667835&sprefix=ba%2Caps%2C283&sr=8-290,,,,
https://www.amazon.in/SCUFFLE-Thunder-Backpack-upto17-3inch-Raincover/dp/B0BXLV3GNP/ref=sr_1_290?crid=2M096C61O4MLT&keywords=bags&qid=1688667835&sprefix=ba%2Caps%2C283&sr=8-290,,,,
https://www.amazon.in/Lavie-Extra-Large-Malnov-Womens/dp/B08LRFCBLW/ref=sr_1_291?crid=2M096C61O4MLT&keywords=bags&qid=1688667835&sprefix=ba%2Caps%2C283&sr=8-291,,,,
https://www.amazon.in/Lavie-Extra-Large-Malnov-Womens/dp/B08LRFCBLW/ref=sr_1_291?crid=2M096C61O4MLT&keywords=bags&qid=1688667835&sprefix=ba%2Caps%2C283&sr=8-291,,,,
https://www.amazon.in/Martucci-Waterproof-Backpack-College-Business/dp/B0B1HM2ZGX/ref=sr_1_292?crid=2M096C61O4MLT&keywords=bags&qid=1688667835&sprefix=ba%2Caps%2C283&sr=8-292,,,,
https://www.amazon.in/Martucci-Waterproof-Backpack-College-Business/dp/B0B1HM2ZGX/ref=sr_1_292?crid=2M096C61O4MLT&keywords=bags&qid=1688667835&sprefix=ba%2Caps%2C283&sr=8-292,,,,
https://www.amazon.in/Gear-Superior-Backpack-Orange-Black-BKPSPRIOR0601/dp/B08D76PV8B/ref=sr_1_293?crid=2M096C61O4MLT&keywords=bags&qid=1688667835&sprefix=ba%2Caps%2C283&sr=8-293,,,,
https://www.amazon.in/Gear-Superior-Backpack-Orange-Black-BKPSPRIOR0601/dp/B08D76PV8B/ref=sr_1_293?crid=2M096C61O4MLT&keywords=bags&qid=1688667835&sprefix=ba%2Caps%2C283&sr=8-293,,,,
https://www.amazon.in/TRAVEL-POINT-Partner-Trekking-Rucksack/dp/B09V82H6FD/ref=sr_1_294?crid=2M096C61O4MLT&keywords=bags&qid=1688667835&sprefix=ba%2Caps%2C283&sr=8-294,,,,
https://www.amazon.in/TRAVEL-POINT-Partner-Trekking-Rucksack/dp/B09V82H6FD/ref=sr_1_294?crid=2M096C61O4MLT&keywords=bags&qid=1688667835&sprefix=ba%2Caps%2C283&sr=8-294,,,,
https://www.amazon.in/Waterproof-Laptop-College-Backpack-Navy_Blue/dp/B0BW9GWPYH/ref=sr_1_295?crid=2M096C61O4MLT&keywords=bags&qid=1688667835&sprefix=ba%2Caps%2C283&sr=8-295,,,,
https://www.amazon.in/Waterproof-Laptop-College-Backpack-Navy_Blue/dp/B0BW9GWPYH/ref=sr_1_295?crid=2M096C61O4MLT&keywords=bags&qid=1688667835&sprefix=ba%2Caps%2C283&sr=8-295,,,,
https://www.amazon.in/Puma-Unisex-Adult-Backpack-Parisian-9018302/dp/B0BWF3K4GC/ref=sr_1_296?crid=2M096C61O4MLT&keywords=bags&qid=1688667835&sprefix=ba%2Caps%2C283&sr=8-296,,,,
https://www.amazon.in/Puma-Unisex-Adult-Backpack-Parisian-9018302/dp/B0BWF3K4GC/ref=sr_1_296?crid=2M096C61O4MLT&keywords=bags&qid=1688667835&sprefix=ba%2Caps%2C283&sr=8-296,,,,
https://www.amazon.in/American-Tourister-40X-01-009/dp/B00FRCNSZ0/ref=sr_1_297?crid=2M096C61O4MLT&keywords=bags&qid=1688667835&sprefix=ba%2Caps%2C283&sr=8-297,,,,
https://www.amazon.in/American-Tourister-40X-01-009/dp/B00FRCNSZ0/ref=sr_1_297?crid=2M096C61O4MLT&keywords=bags&qid=1688667835&sprefix=ba%2Caps%2C283&sr=8-297,,,,
https://www.amazon.in/SNDIA-Multipurpose-Transparent-Toiletry-Cosmetic/dp/B0BJK7WWBR/ref=sr_1_298?crid=2M096C61O4MLT&keywords=bags&qid=1688667835&sprefix=ba%2Caps%2C283&sr=8-298,,,,
https://www.amazon.in/SNDIA-Multipurpose-Transparent-Toiletry-Cosmetic/dp/B0BJK7WWBR/ref=sr_1_298?crid=2M096C61O4MLT&keywords=bags&qid=1688667835&sprefix=ba%2Caps%2C283&sr=8-298,,,,
https://www.amazon.in/Martucci-Unisex-Waterproof-Laptop-Backpack/dp/B088B3ZVW2/ref=sr_1_299?crid=2M096C61O4MLT&keywords=bags&qid=1688667835&sprefix=ba%2Caps%2C283&sr=8-299,,,,
https://www.amazon.in/Martucci-Unisex-Waterproof-Laptop-Backpack/dp/B088B3ZVW2/ref=sr_1_299?crid=2M096C61O4MLT&keywords=bags&qid=1688667835&sprefix=ba%2Caps%2C283&sr=8-299,,,,
https://www.amazon.in/Wildcraft-Polyester-Black-Laptop-8903338054290/dp/B012D4QKHW/ref=sr_1_300_mod_primary_new?crid=2M096C61O4MLT&keywords=bags&qid=1688667835&sbo=RZvfv%2F%2FHxDF%2BO5021pAnSA%3D%3D&sprefix=ba%2Caps%2C283&sr=8-300,,,,
https://www.amazon.in/Wildcraft-Polyester-Black-Laptop-8903338054290/dp/B012D4QKHW/ref=sr_1_300_mod_primary_new?crid=2M096C61O4MLT&keywords=bags&qid=1688667835&sbo=RZvfv%2F%2FHxDF%2BO5021pAnSA%3D%3D&sprefix=ba%2Caps%2C283&sr=8-300,,,,
https://www.amazon.in/uppercase-Backpack-2300EBP1-repellent-sustainable/dp/B0B69M182Q/ref=sr_1_301?crid=2M096C61O4MLT&keywords=bags&qid=1688667835&sprefix=ba%2Caps%2C283&sr=8-301,,,,
https://www.amazon.in/uppercase-Backpack-2300EBP1-repellent-sustainable/dp/B0B69M182Q/ref=sr_1_301?crid=2M096C61O4MLT&keywords=bags&qid=1688667835&sprefix=ba%2Caps%2C283&sr=8-301,,,,
https://www.amazon.in/American-Tourister-40X-09-009/dp/B00FRCNTUO/ref=sr_1_302?crid=2M096C61O4MLT&keywords=bags&qid=1688667835&sprefix=ba%2Caps%2C283&sr=8-302,,,,
https://www.amazon.in/American-Tourister-40X-09-009/dp/B00FRCNTUO/ref=sr_1_302?crid=2M096C61O4MLT&keywords=bags&qid=1688667835&sprefix=ba%2Caps%2C283&sr=8-302,American Tourister X Bag Casual 2 Nylon 65Cms Black Travel Duffle (40X (0) 09 009),,4.3 out of 5 stars,385 ratings
https://www.amazon.in/PUMA-Laptop-Backpack-CASTLEROCK-Vibrant-Orange/dp/B08BTWDHCY/ref=sr_1_303?crid=2M096C61O4MLT&keywords=bags&qid=1688667835&sprefix=ba%2Caps%2C283&sr=8-303,,,,
https://www.amazon.in/PUMA-Laptop-Backpack-CASTLEROCK-Vibrant-Orange/dp/B08BTWDHCY/ref=sr_1_303?crid=2M096C61O4MLT&keywords=bags&qid=1688667835&sprefix=ba%2Caps%2C283&sr=8-303,,,,
https://www.amazon.in/LAXELLA-Waterproof-Backpack-College-Business/dp/B0BTDQN8ZZ/ref=sr_1_304?crid=2M096C61O4MLT&keywords=bags&qid=1688667835&sprefix=ba%2Caps%2C283&sr=8-304,,,,
https://www.amazon.in/LAXELLA-Waterproof-Backpack-College-Business/dp/B0BTDQN8ZZ/ref=sr_1_304?crid=2M096C61O4MLT&keywords=bags&qid=1688667835&sprefix=ba%2Caps%2C283&sr=8-304,,,,
